,resource_state,name,distance,moving_time,elapsed_time,total_elevation_gain,type,workout_type,id,external_id,upload_id,start_date,start_date_local,timezone,utc_offset,start_latlng,end_latlng,location_city,location_state,location_country,start_latitude,start_longitude,achievement_count,kudos_count,comment_count,athlete_count,photo_count,trainer,commute,manual,private,visibility,flagged,gear_id,from_accepted_tag,upload_id_str,average_speed,max_speed,average_cadence,has_heartrate,average_heartrate,max_heartrate,heartrate_opt_out,display_hide_heartrate_option,elev_high,elev_low,pr_count,total_photo_count,has_kudoed,suffer_score,athlete.id,athlete.resource_state,map.id,map.summary_polyline,map.resource_state,average_temp,average_watts,kilojoules,device_watts,weighted_average_watts,max_watts
0,2,Crew Long,25912.8,6754,7081,119.0,Run,0.0,4242471375,garmin_push_5727199242,4538498565,2020-10-25T13:19:07Z,2020-10-25T09:19:07Z,(GMT-05:00) America/New_York,-14400.0,"[42.339033, -71.169597]","[42.339024, -71.16968]",,,United States,42.339033,-71.169597,10,12,1,2,0,False,False,False,False,everyone,False,g6765179,False,4538498565,3.837,5.5,81.3,True,141.4,168.0,False,True,65.3,1.3,2,0,False,75.0,7446327,1,a4242471375,}ilaG~hkqLuAyFs@oEy@}Ac@uBqAK{CFo@QsC{AsIgHoDeBsA_CeA_A}BkAiDeCiFyCoBaAqKMiCWgDl@MLKh@IxDFtAIZkN{AsAvBaBHmEm@eAAcA]D_@GIkALeAwC}@cAo@mBa@eC?eFX}EWyEHoAC}D_@cD_CuHe@_Cc@mEu@wK[yBq@iCaAqB_@m@SIaGyJe@c@i@gDgEeEUm@Ec@Je@~AuAPw@m@mCPuCE}@sAuFs@mAa@uA{@UeAcA}@iAWs@gA_B_Au@gAoCqAgG]sDYyAkAiC{CmDgEm@{BLoAf@qA~@qCjDgAp@}@No@Qi@{@y@uEWuCH_Fh@eCbBiEdAqAzC}AjHc@fByAt@mAxBgIN}Aj@aAn@aDj@sTn@yAzAsArAk@|AOrIFlFKjJw@rB_@lGOhBLdL`DlDZtDs@xAs@vAiAhAqBr@qBtE_KfAmD\{BFkBCiDQ_AH_AEg@d@CNi@@yEZsC@}BXaCHeCDOl@HPPQlAWp@KrC?zFu@fHRNeKg@a@b@cApB}A`ByBbFqBdCi@dAqC|C_B`AaC`AaDn@cKt@wBBw@b@sMFoKe@uDFwF|A{B`Aq@`@{ApBy@nC]`FAjCXbHGlDKh@g@rA{AzBwLzJyDrHoB|Eq@nDQ`E@jBTzC^tBh@rA`CjDxEdEv@Xr@S`@s@Bq@_@MEQXeAp@IzAw@PDVd@R?TWPeAj@_@rAJ|@d@tBhCfDfHV~C`BdEvCnEbB`BdA`B~@~@|AfDBxAmAlIg@|FDbCNnAt@`Cf@|@vC|D|G`HxAjBjBvCRbAb@h@RrBZhIQtArAvCr@|Cd@~B`@vEi@xIC|At@`J\tBjCpJt@hBN`CKpBq@fAaAh@iBb@eBlD_FfFo@fBk@zDFp@bAxBjFtN`ApDd@tDZnF\fBFtBAlGYjF_@vBo@zGoA`DGrCcArEeAp@wLhCgCrAaAz@_@z@En@JxAN`@|@l@^mBZy@j@y@nAaAdDmA~Fq@lBmAz@oA`B_HxAwE~BoM^}GlA_JTmC`Acg@DwWQ}Hr@IbCN|Af@pB@lB`@NKXkBR]lOrBHMKaB@mAReCHSn@Wt@OhCLjCG`HRnATjCjAfJjF~C|Bt@nAtAvApCxAtHrGpAb@hBdArGZPlAl@tAPlAf@vAf@zC~AhFnAdCzBjCbDo@zB_AhAWHJ_@f@wAd@uCx@}ADuBmB}BcE,2,,,,,,
1,2,Res + Ins/Outs,6997.3,1764,1936,10.0,Run,0.0,4238577344,garmin_push_5722845698,4534387322,2020-10-24T19:11:10Z,2020-10-24T15:11:10Z,(GMT-05:00) America/New_York,-14400.0,"[42.338684, -71.169352]","[42.33825, -71.169313]",,,United States,42.338684,-71.169352,0,8,0,1,0,False,False,False,False,everyone,False,g6765179,False,4534387322,3.967,8.0,82.4,True,146.9,177.0,False,True,46.8,40.5,0,1,False,22.0,7446327,1,a4238577344,wglaGngkqLAMS_@GEAI@QBELONINEN@FB|AvATDJGD{@FOh@]Vk@NMh@OpEcAPKLQDUGi@[_B[w@Q{@C[@QFc@Ja@v@cAf@yAHi@TmBn@kDHu@@_@BMGOEAgAMi@U]_@y@{Ag@g@}@c@s@QMGQMOQQ]Gk@@q@D[t@}Bj@eCBe@A[EYSa@MOOKUGQ@[JiAz@UBQEWQSUM]Go@LqAj@wCp@eCZgB?[Ca@Om@[u@K]C[BYDMJQ`@Kx@?zADj@C|@_@lAw@LEr@IbAEv@?|@H`Bf@nAXXNdC|@d@XVTxAfBb@p@`AlCTh@Nh@Fb@@Z?z@Ib@St@g@`As@|@eB|Aa@`@W^aAbC[fAy@rBe@`C]|@Yb@q@v@aAt@Wb@[XEJANFVDBLAVSz@}@BF@zBFjBFNJDb@ETIFO@SE_ECQGKKCi@BUNEFCRHvEBND@F@\E\IFEBEBQGoDEm@GKIAo@DOPCPF|CAh@@NBDLDr@ALGFK?GGaBCuBCQCEIAq@BMHER@x@JrDHJL?`@ILEJK?IKyEG[KEq@FKHCH?VJtEDRBBL?l@MJIBGKgFGYM?i@DGBKNCHDdC?pAB\BFL@r@IJMDY?]EyDIYCCk@HOFILAXHxEFRBBJAv@SFUAi@OkEAEEAW@e@FILCVL`FDNH@p@MJKDa@E}DG_@CEK?g@FOFEDGVJvEFPLBl@KLMBM@]A?EOAY?qBAMACICmAAOPs@tAe@bA]\S^s@bFc@jA]d@U`@OnAANX~ATh@ZxA@t@E`@OL_@Dq@Km@DU`@MJO@MAWBU\WRq@p@[R[LMHIR?b@EL[GSIM?,2,,,,,,
2,2,Tour de Brunch w/ Ern,48408.4,7105,8716,414.0,Ride,10.0,4237578033,2020-10-24-130905-ELEMNT BOLT AE43-21-0.fit,4533326577,2020-10-24T13:09:05Z,2020-10-24T09:09:05Z,(GMT-05:00) America/New_York,-14400.0,"[42.33672, -71.168325]","[42.338295, -71.169266]",,,United States,42.33672,-71.168325,8,21,1,2,0,False,False,False,False,everyone,False,b2472660,False,4533326577,6.813,12.8,,True,111.8,149.0,False,True,101.8,43.8,0,6,False,21.0,7446327,1,a4237578033,o{kaG`akqLbCs@\c@@{@{@cDC}A^uBdAeB`BsLjCiBnALf@fEtFtcAT`CbBtHGtCaArGHxCdJpgAfBhWgAxQi@`d@qBts@tBhc@~G~m@dBdH~DrJbHlKjArDzA[n@RZl@b@jG_@dCLtDf@xFnBlK?`Dq@bIcCbLOzBkAtCa@|Gk@rAiD|Bs@nA]|A]bI`@j@pDsD`DuAvAGh@|@SdAyDhFqD`M}BzB|@|DzCbFvC|L`@dDn@lMlAtDrDdEnDhCxMnEpGjEvOzVfRh\h]~\`Xha@rFbH`KjJtRrLpCbEjEhPrIrApCzAlKzM`MhV~EdHlHjG`Gp@|CpAz@nArCbI`I`IxHhBtTlMrCtDxQxZ|CnChBk@hDiCfJeFnGsInGiFjFqCpL}D~@{@j@qAhBsHAu@yCcMiF{N}B_J_BeEMyLPkAxD_GFgAYyC|A}IHuC`@iBpA{B`MeMTgAKiFxDeVh@_ArDgCbAwCb@gHRcOiAkGKuBb@eBvBiCZcA?aGgBoBcAmDs@gAgGoBgEFYs@~CqKr@{Eb@{HlC}LrA}AhCnDtGOfh@jPxGhAvApAjApCj@|DB`Nn@rIlCfMS`Jx@zHzHrGfFzABf@q@tCgBtCa@c@qAqIA}AyEmEgAiC_@gF\kIiDiOe@oIFwJ{@_GgA}BcF}FmBwDoFgCmBeCmDyMeAqJOmHm@BgFjDiEbGyEpKkAlFa@n@{Bd@kBa@wFqLe@wFmB_G_E{Q_@eECoFcE_MJuGjCiJ^gL{@mEmB{OE}DLiH_CuL_A{JeCaGiAq@eJsB_GcGSXQdEyGjE_KrAgIiAdB{TAuEtFoBRaBYgAoA]cADkBpAqBy@@qB`DmFwAgDjW{a@cAaEMkC`AwWiAgAgFgAgBKyFv@e@e@mCkG~BaGnAuEtDo[Ck@sH}@cKgDsBWoGLyNm@eEf@}ClAeGxDiDjDiJfQeApAwKjH{LjLuAdCcEvMsDxFuEnDmI~Ee@}AiCmYyJ_t@AaE|A_JZuDFkC]cEYkB}@{BwJuLsB{IQiFa@sDh@oRo@aONs@~CyDn@iB_CoCq@oAiE_Q?iNu@}Kk@cBqAiAkDyBsGeCuI_GeCoCeE{NY}CC}F_AmE}DyNkEcJoAaEmAM_FlE}DX}OyDoG[oFr@oK_@eERwCs@sPzHoC|BcHfA_C{@gDx@gDtBiA~AgD`I{ElP}CjE_ExDuGaFs@Q{D[{Cn@iB~@g@IyF}GkBoDmBiIg@qD@}AzAaAh@TbClJ~AtBPt@Mb@kAU,2,15.0,123.6,878.4,False,,
3,2,Friday Exploration,11462.0,3140,3283,129.9,Run,0.0,4233324092,garmin_push_5717395289,4528849716,2020-10-23T15:21:09Z,2020-10-23T11:21:09Z,(GMT-05:00) America/New_York,-14400.0,"[42.338553, -71.169327]","[42.338706, -71.169251]",,,United States,42.338553,-71.169327,0,12,0,1,0,False,False,False,False,everyone,False,g6584207,False,4528849716,3.65,6.3,80.7,True,148.2,172.0,False,True,75.1,40.4,0,0,False,39.0,7446327,1,a4233324092,}flaGhgkqLk@_AD[P[V@dAv@p@RTRGe@BOdBgBfBw@pCg@TUVcADc@Ag@CSe@OYg@M}@?aAb@oAv@{ARs@^kBNwBZyBEYa@q@_AWi@]q@{@q@eAu@g@mAc@]]Uo@Ec@Fm@dBkFHa@@q@E[KUq@u@a@Ia@Li@j@]Rc@Da@Y]o@Gi@Fu@p@aDXeAToAf@_CAo@_AsCAYD[NWRKxEQf@O`@WzAa@nBSjBPrGlB|@b@vAdAlA|AnAtC^bAZpBAb@WbA{@dBe@l@mBnBs@dAi@pAs@tAq@hB[pAIhB@LPZBNEp@DN`@^v@Zl@f@HXf@d@`@n@lAfAj@r@j@d@tB|B\t@eAw@gCoCw@q@aDiEIQCWH_@`@m@t@k@Xc@Vi@|@_ALk@LkBFe@`@kAv@}A`@_@h@WhAERJPXBN@n@Fd@XdAp@xAhAtAfBnAZb@hB|Fh@xCVt@\h@xCrCDNGVk@ZILY|A_@lAaBxE}@hBWx@Cx@HbAHZz@~ANt@@r@En@Qt@iCxGKrAKh@EhAF\Xt@x@`AHVI^u@v@CLDL\j@PLp@Ah@LH\Eb@FNdA\h@B`BoAHYHw@Pc@b@[n@eAh@AHOHe@b@a@j@Kl@q@f@o@p@EvAb@nAGv@JLIAOEEsAGeA_@QQEc@GKeBk@JHhAVFHB`@DJt@h@hCZpBx@`@BxAGXMR]GJ?LRf@F\Gr@Lb@LPHnBb@nAOd@Dn@G\_@d@In@K^c@\WB_AYwASq@[_@i@Sg@g@\wAWkAw@mAHEFFZAZRp@D\MzBBhDKtBGXc@~@c@zA_@p@Wv@[n@i@xC@d@XhABxAEdAJd@DhAHXh@x@BVW\QH{Af@S?i@c@{DwE_Aw@_CyAMS@IZUhAWh@Aj@QfBEVIv@s@NU|@uCL[HEv@BNMB_AOc@AYNi@BaAOqATq@y@sAWIVFFCFODYVW@SI_@Sa@Cu@O_Ae@yAcA]]q@I@m@j@c@PQ?_Dc@{Bo@S_@KkA?sBHiBOs@_Ag@_Ao@aCmBmB}BMKUDUPqAdBgDtDa@VM?cAi@oEuDgC]QW}@q@w@wAYSmAHiEnAcADUI_A{@iAsAo@qAo@_B]gBDEXFbAj@,2,,,,,,
4,2,Steamy AM pine,11346.3,3008,3137,88.8,Run,0.0,4228432140,garmin_push_5712273581,4523688384,2020-10-22T12:10:50Z,2020-10-22T08:10:50Z,(GMT-05:00) America/New_York,-14400.0,"[42.338772, -71.169353]","[42.338804, -71.16927]",,,United States,42.338772,-71.169353,0,17,1,1,0,False,False,False,False,everyone,False,g6765179,False,4523688384,3.772,5.8,80.8,True,146.9,168.0,False,True,80.3,40.2,0,2,False,33.0,7446327,1,a4228432140,ihlaGngkqLWg@WM_@Iu@eCk@wCUsBEc@Hc@Zg@z@i@FWLmAPm@FM`@_@NY\y@T]b@]f@UlBa@xAc@zC_Bz@k@XG~@i@RUN_@GMq@Q[UcByBi@e@]ScAYOK[[Ym@Is@Hi@f@oALe@`@eA\gAB[A[GYKWMSYYUKQ?e@Nw@t@k@LUIKIi@q@EYCa@J{@Le@`@sBnA{EHq@A[E_@aAaCCW@QLUZUxAIxBAj@OvB{@hASfCHz@PhA\r@HzBr@hC~A`@f@b@r@x@vBl@fA\|@LVVRLn@LHXKDKLe@RkALg@T_@fC{Ct@_Bh@yBD_@@c@Cs@OoBCcEf@qDx@{BDQ?SEuADm@dBoEZgAv@mDZgB\qALq@d@gBp@eBvCiGL{@@s@CgABYp@s@T?h@J~@v@fClDVJn@?\HxBtANNb@h@Tb@`@dA`A~Ah@nAb@r@P`@FXDj@BpAT|AZbAp@lBHj@nAvENbB?x@OzBQbAQf@YhAQtAc@xA?RDPnAvA\d@\T\Fd@Kl@AvAVz@b@lAv@fD|Af@^dAdAhAbBPb@BZAj@Fx@BrBPrAFfA?PG^?ZI^UXwBv@]Fi@@q@M_@Qe@y@SW}Aw@o@M}@Ee@Km@AECESAk@K}@AIOMKq@@g@Fk@CQMMOG@AiAnAu@TKLITGj@g@fBEb@@d@FTj@J~Dc@~CPb@Jp@j@b@f@tApAtBbAj@r@HXj@pDFnAP`Aj@lBNZn@h@NTPh@FJn@h@V\\t@Vz@DXD`AAvBWbBc@`Bc@bDoA~Ee@jAIZwAzCmA|CWf@Y@aCc@YOk@c@cAa@aBSSMQUe@yAc@gCG{A?}@IiA?gAGgAQeAYkAIm@K}@]mAMOMa@[a@K[s@iA_@cAQUgA~@E@[QQ@w@x@YTeA`@iAX_Ar@i@t@e@Xe@JsAL}Aj@w@Jo@AYKaAi@[ESB}CbAuCbBUV{@xAoCfG[hAoAjFUr@w@lCYn@]dAy@nAw@z@e@r@mAvAQNk@ZY\SLMA]Q]_@aC_BsAiAq@MmAK]WgAa@Q][cAQUOG}@H{@Rw@`@}@Lk@Pm@FSEiAgAu@_Aq@eAo@sAw@{B?IDGPAVDh@h@,2,,,,,,
5,2,Long live the king ðŸ‘‘ ,15379.0,3810,4577,106.4,Run,0.0,4225965876,garmin_push_5709781987,4521074339,2020-10-21T19:17:42Z,2020-10-21T15:17:42Z,(GMT-05:00) America/New_York,-14400.0,"[42.338848, -71.168872]","[42.338683, -71.169323]",,,United States,42.338848,-71.168872,1,20,2,1,0,False,False,False,False,everyone,False,g6584207,False,4521074339,4.036,8.3,81.0,True,153.7,185.0,False,True,68.7,40.2,1,0,False,75.0,7446327,1,a4225965876,whlaGndkqLKGi@LWa@g@uAkAuFKiBJq@LSx@_@Z{Af@qAj@k@ZcAj@m@hB{@bAQtBs@lBY|BwA|@u@Ra@CKa@Aq@YwAeBq@o@[SmAUc@_@Qa@Iu@B{@bBgG@o@Sw@c@i@QE_@FsAr@YBy@c@Sq@Ci@FcA~BeKGgA{@{CBu@X_@dBWnAJpA?z@Wf@[rA[nBA~AVhGxBbAl@z@v@bArA~AjD^d@Tr@^j@RLTKNa@PuAPg@`@k@Zs@hA{AxAoC\_ALoA@gACu@WyBCcBHiBz@iEGkADs@|AiDnAqD\{AXiBX}@\{AJ}@b@gBbEmJf@{ENWVSb@y@x@e@n@k@vAoBj@Ub@a@~@gCpAwBbEsEbAq@VFJf@Cf@Gh@a@fB@\p@`BlBlB\rAPH~@@nFIr@Jn@t@`@~@jApAdCfE~@n@zAd@Z^b@L|BYbBK~DiGfB_AdIxCdBZ|AOtAy@vA]lCcAf@HXb@j@b@~DsAzAEhAUVJVf@Tx@NFTKrAkArBm@xCoCVKXJLPFb@FvC@HTB|B_B^y@r@aCZc@dAGh@ONDJRErBNpACZIVcDpCaBjBqBdDe@zA[VkAbBo@CiBoBYOYAYLy@bAk@fAYVK?FHLCX]REv@VeA}@}A{@cAoAk@e@oAs@}@BOO_@sAa@g@GYDi@z@gAlAk@dAGvBe@VPh@nANJdB}AvBk@hAy@jAoA`@OTHN\HdBClAFLTB~BsA~@cDf@cAnACp@KVLI~AR~@CXs@n@mAh@c@`@c@dAu@bAk@jA}@bASt@wBpCc@V_@F_Ay@eBs@iCvC?Zf@~@~@`CBX_@nAAf@r@|DXrC?tAO|Ak@lBUrAGtBOfAM|EMxBB|An@~EDdACp@eAnDc@pE{@vDwA`Ek@hAy@v@a@l@O~@{BrEc@lCo@zAk@n@Yp@wArAo@~@yAz@g@Lc@SoC[_K{CmASuFW_B@uAh@sBPuI]yELiDs@k@Ao@LaAh@yBvBc@DqAlAwBj@w@d@}@lA_@X_C\kCt@eAEsAu@m@DkDdAgC|A{ApB[hAa@v@mA|Cg@lBYp@_BxFqAnDiCvDqAtAuBjBc@MsFuEeD[WW]KOQWwAQYSMs@DeFxAeA?}@w@aCaDq@qAi@wBj@?~@l@,2,,,,,,
6,2,Ladder ladder,12949.1,3302,3691,84.0,Run,0.0,4219924593,garmin_push_5703301834,4514673359,2020-10-20T12:16:01Z,2020-10-20T08:16:01Z,(GMT-05:00) America/New_York,-14400.0,"[42.338271, -71.169227]","[42.338176, -71.169324]",,,United States,42.338271,-71.169227,3,17,3,2,0,False,False,False,False,everyone,False,g6765179,False,4514673359,3.922,6.6,82.0,True,151.1,177.0,False,True,46.3,2.4,0,0,False,54.0,7446327,1,a4219924593,eelaGtfkqLFHn@^F@JEDM?g@DQl@o@JQDM@k@F[L_@Xm@FY?_AI_BQsAQy@Eu@SkA?e@CIMA]Ng@Zm@h@QBKAs@@MHKJuCv@uADcBKyDM_@GsCoAg@a@g@Ww@m@y@g@}@aA}AcAe@a@o@Y_BcAw@s@[e@]s@IIi@YuAcAgCaBaAu@WOiBmAyBcAi@YOEO@[[e@I]?}AImCAiBG_BBcBC}@RSJCHCTAPBb@A|@NxBOlAKPi@EaC_@_@KaBSk@MmAMqBYK@IL]pBENCB[Cu@Qm@KY?e@FY?uAYi@Ac@QMBGMUGy@AQ@GF?DJ|AFfDC`BB`FAb@A~EAd@I|@MRJVDVB~CAv@ApCOhDGpFGxBIlJKtBYfCwApHEr@AfAWlD_@lBW|AiAlEu@tDc@tAc@dBYhAO~@_@pA]j@_Az@YPw@RaBLuAVeBf@oAl@kBtAo@t@a@bASpAGNMAk@c@KOKa@IuAAWFa@L_@LQLOt@g@v@_@fA_@z@_@jASd@OjDq@dAKZIh@UTQVg@\uATgAHeBBgAJ]TWN[Pg@Ji@NaAh@_Gf@sENqDD_CIqA]kC[oAUaCCm@_@yCKcAGi@YuAe@iBu@eBe@qAeCeHe@}ASg@K]?a@j@iDZkAP]x@{@vAeApAoAf@o@b@u@N_@Ro@dAkCv@eC^aAnAeEr@iBVa@LCNP`@|@j@`BRxAF~@@n@?lDEfI@|CQ`QQxGKhII`CAvBExAG|@YxBD[?q@LeC@iAAaBD_AF}@?sBXqI?_BJwD@s@CeB@_CDiAAiBBwFHgFIoEHcDTEH?XHd@Xp@EL@PE~ATv@@VLjAPHFZALGHMLm@NeA@EJA|@L`DVfAZj@HlBJLB^@RFL?HK@QEiADaAGyB@a@JKRIj@MTATKn@@t@Fn@Gr@@f@Mf@A`BJfA@`@Hn@?l@HV?JVp@NhAb@jDfB^X\JfAt@jAh@t@b@rAfAdAr@LRj@nAd@l@^LVNn@VRNh@d@pAz@zAtAzAlAf@X`Av@\Tr@ZPJXJnAPv@Dd@?|AFXDjAI`B[b@ATOd@Ab@]h@Gj@YFKJEBMHI^MNDCx@F@HLPPHBNNb@rC@RRzA@h@ERWf@ENCx@O~@Gx@Md@UZYNMRAh@CJC@q@_@,2,,,,,,
7,2,Sleepy With Q,9908.9,2682,2818,82.1,Run,0.0,4215597827,garmin_push_5698658042,4510083873,2020-10-19T11:59:33Z,2020-10-19T07:59:33Z,(GMT-05:00) America/New_York,-14400.0,"[42.33867, -71.16936]","[42.33812, -71.169382]",,,United States,42.33867,-71.16936,0,12,0,2,0,False,False,False,False,everyone,False,g6765179,False,4510083873,3.695,5.1,80.8,True,156.0,170.0,False,True,80.3,40.2,0,0,False,59.0,7446327,1,a4215597827,uglaGngkqL]_AAQFOLOPOLANOBKESQa@E}@EWKc@Sc@AGIoB@q@QBKAQm@Cc@Dg@FYXw@d@aAXg@X_@RU`@[h@UtBk@\_@x@k@xDsAdB{@f@_@Xg@V[r@g@hByA\e@Tk@Ty@ZwAZiAjAqCb@oAXe@jDqDb@w@\gAHm@?c@I}@Be@FANT`@v@HDHARMHSFq@d@qAv@aAR]f@i@p@cAv@cBNo@ReADy@AuAQwBHqED]XsAt@eCB[E{@B[\iAx@}BhAiDZkCn@aC\kB^wAfBuEvA_DVeA@g@PgAHcAPGRAX@x@r@RT`B~Bf@l@XLVGPAZNZPlAdAp@b@NLX`@\~@p@zA^j@|@`BPb@Ht@Bt@Ft@\nBRl@ZbBf@zA`ArDPlABl@?j@Gp@OlAS|@Wx@MZUz@WtA]fCWz@Iv@B\Pr@\~@Rz@Bd@?`@]~DEz@K`BSrED`@BBJBf@?jCUZIRAhADhBPZLTP`BtBXR^T`Bl@NNZb@Pn@f@dFFZXbAVlAPZ^d@|@r@Th@l@~@R^Rb@J^LnABhAAlAGh@WjAObA[hA_@dBe@pCeAfDi@pAo@lAoAhDM\MPK@KA}@S{@YcBeAsA[]CSGSKUYO_@Ma@i@wCEy@E_CQmBEgAMw@[uASmBOq@IUc@cAeAoBq@}AKQ_@QGBs@n@a@Pi@d@YZQNYL{A^o@^WRm@r@e@b@o@NiAJ{Al@YF_@@y@KQKWUSI]Ci@Dq@Ry@P_@LgAn@o@Vo@d@QPOVWXe@t@a@t@UZcA~Bw@fCYhAQfAITc@z@w@bDgAlCYf@uA~ASb@aAtA_@^e@XOPOXQLS@QIW]g@c@OE]U_@W]Ya@k@q@i@q@M_AG_@Yw@OKEOSQg@c@{@MKQAk@Fq@LkAl@wAZu@BOAc@[yAsASUu@mAUi@i@aBWm@Qq@Ku@g@iCCg@_@_EFMJGpBy@@I?e@FOJIRE\B`@IZ_@h@_@VQNWh@WTE\d@V|ARx@XpCB\ARYfBMzAc@fBS`@a@`@KLANDXATK@MAUM,2,,,,,,
8,2,Alex is back,25800.1,6653,7136,241.1,Run,0.0,4212266235,garmin_push_5695137399,4506519997,2020-10-18T13:09:17Z,2020-10-18T09:09:17Z,(GMT-05:00) America/New_York,-14400.0,"[42.339528, -71.168432]","[42.339312, -71.168786]",,,United States,42.339528,-71.168432,5,30,1,1,0,False,False,False,False,everyone,False,g6765179,False,4506519997,3.878,6.6,81.8,True,153.3,175.0,False,True,70.3,2.4,2,0,False,128.0,7446327,1,a4212266235,_mlaGvakqLu@oId@u@bAo@j@eDzAcCj@e@nG{BjEyBrGwDvAuAd@y@~@iElC{Gz@sAlBgBn@kAVaBF}BTBh@dAXEf@iCdEaGz@wDCwFPkEJmAdAeEJwChC_IzCyMbF}LDoCLa@ZKj@iAdAm@xDuDbAeChEeGxCeBNf@BdA[`B@n@pCrDj@dBvDSrCRfEzExBnDlEjBdEUvA_AhCcDrAw@v@KpAL|GxBvAJl@EnEsBfBa@h@JxAr@jDoA|CMrAdBjB}ArBk@|D{Cb@`@NzDZNnB_A`@u@jAmDvBOXVApA`@bAz@\|AsFz@{AjAqEh@_ArAwGDmDmAqFUkCvAgOKsDnCoJn@wEf@sASw@}EwFiCwB?g@dBI`Dr@pCW~A\tC\j@nAPz@C|AWz@BRj@|@t@nCfCnCtBEb@u@V_DRQf@TVn@h@b@r@@f@a@dAiCRmGXkChAuBjAm@`CI`Cx@j@l@~@zBrClBl@dBJfAQn@wA^kAtCyCzBWDk@aAM{AUe@P`@JlAf@`ACl@qAfBoAx@qARu@[_A{BSkDOg@k@OuBx@o@QiAyB_@}B}AaB_@_Aa@wB^_FOiEi@uBw@oAc@cDq@qBcCeAqCoBkEKOg@CqBy@aAu@sB]mEwAkBUPm@tDmAnDmC|BmAn@aEhAsAHgF{AmAXw@h@_C_@sBjAo@h@Qr@AbBRdCsAhAoBY_JvBuCT_BImDkBsAsA_@gB]Ai@Zw@pAAxCo@`AoESwA\iA@iChAkF`A[IaBuAyCyFiA{@gC{Cc@aCNiBUq@eC_@eBNoHe@dBQb@}ANoAm@cEMqCa@y@yFgBkB}AkD`AuB@aGg@oMkGuCy@o@c@Me@aCLkDwC]mAgDyD{BqD}BmBsBGmClCqDpAmAIkBo@iDI_Da@{BqBo@aAiAeE{AmBs@iEeEsE_AqBkCyDb@}@lA]xBkDf@P`@gBfAy@nHyIX{@B}@Ni@`BU^YzAoClAkEJoAQqAiAqA}BoBeFu@}Ar@Yt@JnBrDxEf@pB?zBq@`C_CjD{DnDyArBSl@oGhIuBf@kFpBg@ZUp@lB`Ld@tA@~AVx@c@nBF`Ax@fCjChOVzBfDpOpCnQbBnHx@dErArI|@tHvC`Ov@pCl@bEbAdM?`ML~DfC`N|C~SbGbg@dBrK?dAbAfHMxBgIrKo@hEoHxUu@nEa@lXRhPfApLh@zC`BfFw@sB]iB,2,,,,,,
9,2,20min (ish) hike jog back in the woods,3918.5,1192,1571,58.8,Run,0.0,4207952358,garmin_push_5690835286,4501935240,2020-10-17T18:12:27Z,2020-10-17T14:12:27Z,(GMT-05:00) America/New_York,-14400.0,"[42.326509, -71.179863]","[42.325895, -71.178357]",,,United States,42.326509,-71.179863,0,9,0,1,0,False,False,False,False,everyone,False,g6765179,False,4501935240,3.287,5.3,80.6,True,135.1,170.0,False,True,79.0,54.0,0,1,False,7.0,7446327,1,a4207952358,s{iaGdimqLEFMj@_@jAAXBXNf@Dl@?bAEb@L`BH\j@bADZIZ_@`@cAn@_@JIHEHKfBEa@CwADQFGn@IdB[~@@n@RN@`@A`@Gj@AnAHb@NJJFRObAG`AKn@@\GPC?BMNw@Fu@XkBHUh@s@d@_AB[?c@Bk@Vw@Vc@PaBTi@Ca@KUCOBQPo@A[FSC]KEGUEo@EAOHS?[Kc@g@_@sA]w@IG\BLXZb@Tn@`@f@\LPNPPH?TGF?t@VACGAm@ESDMDGJ@PTb@EVBR?JKp@DRJT`@BRIQNKBU?A@A\Ul@Ih@@_@AKCCQISDSVQJI@GGAaAK_@Iq@Aw@KOQGO[IESCYKK?u@YY@m@Go@?c@[_AJE?WSMAIBAOEEU?[IE?KJFUAKMYQUKWKOa@oATiAHs@EkBa@k@OKBa@G]u@?ACCW@q@AS_@{AAk@My@CCMEu@K[IM?XJl@Nj@ERISJCJJdAFLLHJ@`@Ej@PBALMBQCPONK@KEOCq@PIHf@fA?n@Lb@FNFBFQHGHNH@FOp@eANKj@BDBXVTZBP@^Vr@AVENO\M`@IJc@R]Ba@XWh@Oh@S\GVILUZENBZDNRZp@h@HPHZNNB@DEDc@Rg@D?r@HHAJILSFa@JQHA^LB?FGBIO_@CUJy@BQDE,2,,,,,,
10,2,Rainy All Res,11545.9,3003,3003,2.6,Run,0.0,4203545403,garmin_push_5686369551,4497283857,2020-10-16T18:59:04Z,2020-10-16T14:59:04Z,(GMT-05:00) America/New_York,-14400.0,"[42.338234, -71.169176]","[42.338263, -71.169023]",,,United States,42.338234,-71.169176,0,11,0,1,0,False,False,False,False,everyone,False,g6584207,False,4497283857,3.845,6.9,80.4,True,148.7,174.0,False,True,46.0,40.4,0,0,False,47.0,7446327,1,a4203545403,}dlaGjfkqLJLZJ\AFM?o@DYv@k@^a@t@[pAYv@W`Ae@VWB_@Ma@Gk@Oi@WeBAoBf@{@j@mAV{@VoBXsAVsCCWg@w@m@Cs@_@qAoBa@e@qAk@g@WU[Oa@Ik@@o@XmAbAiDHo@@_AUo@MQSK]Cc@PaAz@WDUC_@QOQO]Ei@JwBLo@La@j@}Ch@_CCkAUuASs@?]DYNSj@QhC?v@If@MzAo@dBWt@C`BPhFzAdBp@`Ap@vAxAb@t@`AbCZ~@Hl@@tAIr@W~@]p@i@t@_C~Bs@rAcCjGm@nC]z@SX{@x@oA|@qAb@q@Hi@Im@]wAeCc@]qBw@Y_@KYCQ?q@LeAZqAl@uBLq@B]C[GYWi@WOe@?c@Tm@f@]Do@QOOO]Eu@Bu@Fk@h@oDn@wCLkAC}@Y{@SaA@a@P]`@SrBSj@Bl@CdC_Ap@OzBIhAPnA^tDbA~An@lA|@nAhB`AvBb@zAJl@Hv@AbAIb@]fA_@n@e@l@yBtBu@hAg@hA{@hC_@|@m@lCq@xA}@z@iAt@eAb@_@HGFNChCqArAiA^g@j@_B`@wBNg@`CaGXc@nCoCf@u@Vi@Nq@DiA@g@Kw@s@oBsAwCc@o@w@u@oAw@gIaCsAO_BFoA\}@^gAT_ECSHU^CVDd@Tt@f@nAFb@?^Kx@c@hBk@bD]jAMdA@`@DVXr@PN\JXE|@o@d@STAd@JTXPf@@ZEr@Ot@e@`Ak@hBQhA@ZTp@^h@VPv@Nb@TdArAdAfBXNb@JhASz@_@jAu@hAiAb@_Ah@gC~CcIp@eA|B_CT[`@_ANy@@[AiAIs@q@qBo@uAe@sAm@y@gBqA{H_CqBUmBJy@Rw@`@w@Vo@ByCKUDQJSZCZD^|@lCFX?ZOrAm@xBc@jC_@bAOn@@v@FXN\PPf@PZC`Am@b@SXDXNd@h@HTDXCx@Qr@Wl@gAjDEl@D`@Xp@RT`Bh@z@n@dBjCn@Xd@DHH@FIRk@f@]j@e@\eCtAg@b@YHY?cAREJKJmAZgAl@a@`@a@`As@rAQj@A^`@vB`@rALn@p@rBN`A@RCFc@XBV^h@B?FP,2,,,,,,
11,2,Ernâ€™sâ€”>Horse Trails,13937.7,3734,3972,80.7,Run,0.0,4199361706,garmin_push_5681952667,4492839861,2020-10-15T15:55:30Z,2020-10-15T11:55:30Z,(GMT-05:00) America/New_York,-14400.0,"[41.626916, -71.427617]","[41.653679, -71.443782]",,,United States,41.626916,-71.427617,1,10,0,1,0,False,False,False,False,everyone,False,g6584207,False,4492839861,3.733,5.7,79.8,True,153.1,159.0,False,True,15.5,0.8,0,0,False,69.0,7446327,1,a4199361706,ega}Fru}rLH_@ISeCyB{CwCyBwAc@i@wB{CkBoAoDaD[Og@Ks@HsAl@gAn@wAh@gG~CuDlCuAp@qFdBkIbDSASIq@kAaAgD{@kE_AkDYoAIs@MUsB^kA^sBN{@PqBFeAPsBJ}J`AgHFmEj@WLK`@[nGQjAKzAEpC@nCHrABzBVlD?h@^xCLfD\~D`@rC`AzC~BjDbAnB|ArBK`@e@z@VIvAv@dA~@t@|@Vf@Tt@Jd@D`ANn@rAbBpChEj@^~Af@^ZbBtBdAvBl@fDTdE\bCEx@Mr@Wr@y@bBe@dB_AlBw@nCm@zA}AnEiBnDOLWD[Iy@g@_AwAqAa@Sc@a@yAe@kA}AuCkF{Ig@e@mAeBk@i@i@w@}@_AcBmAWDCTz@jADVEVW~@U\yAn@KNHTZVj@PfAr@^h@Ph@@^M\UXg@\{@xA?VR|@d@`An@r@n@TLPCXOZ]Tu@PQEEi@MYu@Y_@AaAX_@DWO{@y@m@I]a@_BMk@FeAMSc@GwAk@iAgDuCcA_@a@YIMGoADg@Z[x@KZQR]Ly@Cc@[o@QsAi@_Aa@[e@OqBFMKa@w@kAE]U_A{@_@i@iAq@eAqAUOqASoB?oCy@y@[Q_@Me@QMoAb@cCBiA\u@FOIYy@Ko@IKY?q@Tc@BwDeAeDh@y@VyAKwAJ_@Ua@g@aBQuBy@IKCSH}@OMa@FSVUh@QJqAh@YDQKGU@s@XcBLkBf@{BB_@Nm@H{@^aCLa@h@y@Vm@P_A?g@K_BWgAc@yADs@A{@MmCDyAMMo@@i@M_@Y[i@SgAAWc@iAi@{CO]gBqFq@aB?gAQsAAyAES_A_AQc@s@Ma@e@Q_@U?By@XeAF_AGq@]Yd@XXbAZJlB_@RWVu@f@q@vAM~ADn@H`@Tz@xAh@~ADvBNfA\x@`@n@Dh@xAvGFp@N`G`@dEd@hB@zALdBVdBLvCB|BBVHL\PfALfAj@t@l@h@r@j@xAp@`AFLDp@Zn@\\x@FZN^bAbA~AHBRCZSV_@b@O`@BTP\^v@zAZ~@h@rBPZf@f@bNfD~@b@zChCp@ZrA^bEl@p@?z@SxAmALARFr@n@JPBz@BHBAEEWHcAbAKVGh@k@zAW`@i@^,2,,,,,,
12,2,5-5-5 on Extended Ern's,14171.5,3301,3356,68.5,Run,0.0,4194770767,garmin_push_5677186224,4487975342,2020-10-14T16:01:08Z,2020-10-14T12:01:08Z,(GMT-05:00) America/New_York,-14400.0,"[41.62688, -71.42753]","[41.626999, -71.427683]",,,United States,41.62688,-71.42753,1,17,0,1,0,False,False,False,False,everyone,False,g6584207,False,4487975342,4.293,7.6,82.1,True,160.0,182.0,False,True,17.7,1.5,0,0,False,79.0,7446327,1,a4194770767,_ga}F`u}rL@QKYaBqAiB}Aq@eAa@e@w@k@u@]SSSY{@wAs@_AgCkBq@c@sAoAg@_@o@]CEE[NyDAuDDu@PoBd@mBTs@NYX_@f@a@^m@X_AFm@DOLS\]n@_@pBuAp@w@pA_Aj@s@h@g@Z_@ZWDMBw@BSd@_B@WKO{BiBgAs@WY}CmCoI_HO?w@NsHhBU@MEOUc@cA{AgKEKEAc@Li@VCDCNFf@TbAHr@Hb@ZdCPdAAXc@fAU`@w@|@kA|@GJAFFVt@nBRz@P`@Z~@d@bABNCPINMJgB~@m@d@iB`Ag@\s@\kAn@oD~ByDjBYRg@TaB~@cBjAi@Z}DpBk@RGHI\BXh@nATp@^dBhAhEV|AARINMHkBTwAZiAJ{@@{ARk@Ly@FuARsDXwAT}BHqAJoAGoAFaACk@B{D\UDQNGZIdBe@dGC~@Gz@CnBAd@DvAf@`H@bB^`GAzAPz@Hz@b@bCNbB^zBNn@`@x@lA~At@x@d@t@dBxB\^z@x@h@n@pApBRf@?LHp@J~BH^HTv@nAf@`AZ`@LVp@t@~@x@~Al@j@Xf@b@`@d@h@x@~@fCNl@\pEFjAT~AJ~@?d@Kn@Oh@sAtCoAbDS~@u@pBg@~@QlA}@hCu@~Ak@x@g@`A_@bA]pAo@nBg@pASX[NMLo@bCaAvCa@z@iAlBCPBNTR^FxMM~CDbIBnDArAMbAQpD]xBM`DYbAUvDkA~Cy@jAg@|CaA`@GrCExCMbBAxFRl@Gn@A~HRrB?VCJMBWBg@CsA@iBFmBH{@@iADu@PiARs@Jg@J}CDWJSJKXIjBOlCI`AKv@Wf@Yb@a@~@oAxAcBfAw@vFgD|@]xDm@d@QZ[P[JSR_Ad@yAHQZ]r@[hAWNAv@?d@Kj@YXUJMp@}AV[bCmDXo@No@@OAqBWcDImCKaAAa@E[?_@Gc@CcAIoAWuCM{@Ee@Ae@Ge@IUWYuAcAkCaC_CoBZJ^V`Ab@t@d@pAnAJRRXfA|@T\H^D~@BL@IEUI{@IMMMgAs@mAkAiEmDaAaAc@]k@i@mB{Au@w@oAgAmAqAeAw@gCeCk@c@}B{Bq@i@iBiBg@_@qBeBsB}ASSa@k@YSq@a@]_@K@S`@GF,2,,,,,,
13,2,Lots of Z3 with Wilpers,44997.2,4498,4498,0.0,Ride,10.0,4191340938,22445e418855479d86d5de68e402061e.tcx,4484256439,2020-10-13T20:13:36Z,2020-10-13T16:13:36Z,(GMT-05:00) America/New_York,-14400.0,,,,,United States,,,0,10,2,1,0,True,False,False,False,everyone,False,b2472660,False,4484256439,10.004,12.9,83.4,True,144.3,184.0,False,True,,,0,0,False,57.0,7446327,1,a4191340938,,2,,227.1,1021.7,True,233.0,362.0
14,2,Looping and striding,13812.3,3541,3758,92.8,Run,0.0,4186529218,garmin_push_5668553953,4479116720,2020-10-12T17:26:16Z,2020-10-12T13:26:16Z,(GMT-05:00) America/New_York,-14400.0,"[41.626918, -71.427449]","[41.626829, -71.427379]",,,United States,41.626918,-71.427449,0,17,0,1,0,False,False,False,False,everyone,False,g6584207,False,4479116720,3.901,7.0,80.5,True,145.3,180.0,False,True,29.3,1.0,0,0,False,33.0,7446327,1,a4186529218,ega}Fpt}rLJQDCTFnAhAdBjAhDvCnEjEjAbAzAzAbAv@TTBNERILoBrCa@b@i@v@qCrDQNQEmAgAq@e@{@[q@Ai@Ka@@uA^m@\MZSLWZ_@p@_BxDcAzCGTIt@I`DCLE@CE@o@JmBHu@RgAr@iBEOII{@[s@a@}CgCg@[QEQ?UJc@R[Vi@TUVWf@MN_@XYNS?[Gm@]Y]Uo@Ms@WeA{@cCIi@Oi@[sBEs@Mw@m@qCk@aCW{AkAyEq@wAiAoBe@eA]k@s@}Bc@uB?a@DQHOh@_@vAw@`Ac@hBkAf@SdBaAf@_@`Ac@l@MJKDQRoBHgBAu@Bw@CoBDk@VaBp@{BXk@r@k@Z_@Vm@P_BVa@tD}Bn@y@zAgAh@u@`@Yz@}@DQBeAX}@TaAGQeC_CsFkE}B_BmD_De@YMASDwBr@kEjAg@DSIKQQo@i@uCKaAa@_CsAqNF[LEHLFrA?jABh@dA`It@`HXhAJNPHVAzCu@dEy@^Hp@h@ZHTWl@kAj@k@XMb@]xAs@t@Mr@WvAQ\Q~@WrAGd@Kp@GbB@hAN^JpCpAbC`@jANtADTHFCAEyBE_AOwBg@}As@eA[kCQwAFwA@qA^eChA}@LsAn@iCr@[R_@\g@x@IV@LDDZZpAz@`GpEvAnAzC`ChC~B|DdDbAdA~AvApCvB`BtAbChBdCzBxAjApAx@tCzBjB~EjAvEPf@d@`A@ZRpAVx@Nn@XhFJt@NbCRfCJxBJx@JxAXfC`@hFBbAFz@JbAZlBLbAPp@D\Rr@HtAP^t@j@Zf@HVJr@NfBFh@LR`@HpBa@rCc@PG^a@Pa@Fe@[cEKa@IOQMi@ScEc@o@M{@DaBXQHGLCX@VHf@^l@p@v@P^Ln@JvAFr@P^NJ`@?vA_@dAKlB]PIV]Nc@BMA]SeCKu@QYyAWwFi@_@?WN[d@gA`DDn@TrBXv@d@t@@XIXKJQHY@WIa@[{ByBiAu@mBeBCEEO?DGAyAyA{@q@_FsEsAwAk@]gAeAu@{@}@w@}A{AmFmEsAcAcDwC_Am@o@g@Q@EV@@F]EUIMOAIPFr@@]?w@MYs@s@k@o@o@_@yAwA_@Q_Am@_@[IM?En@ZdAv@bBfBdAv@|A|Af@j@FL,2,,,,,,
15,2,Feeling that lunch beer,14132.8,2020,2020,77.0,Ride,10.0,4182641532,2020-10-11-180621-ELEMNT BOLT AE43-20-0.fit,4474956923,2020-10-11T18:06:21Z,2020-10-11T14:06:21Z,(GMT-05:00) America/New_York,-14400.0,"[41.570095, -71.452476]","[41.62694, -71.427604]",,,United States,41.570095,-71.452476,0,11,0,1,0,False,False,False,False,everyone,False,b2472660,False,4474956923,6.996,11.3,,True,84.0,84.0,False,True,24.0,0.6,0,1,False,3.0,7446327,1,a4182641532,adv|F~pbsLaAMqA[g@Ec@?QBMJEHEXSvESfFEbCG|@]nCe@rCg@pBsCdJcB`GWl@W^[Xg@T]DW?o@Iq@M_FsA]GyBk@kA_@uBg@{Bq@oAYaAQ{CUuEAgDOiBU_GeAgDi@iAU_@E{@CWGC@KNSHsBd@UB_@AkAWUDQNkAvDc@nBy@xCiApD_@zAYv@gA`Bu@dBaA|CYnAIr@An@DjDFvBDv@p@bCj@~Ap@xBfAbEZtBPt@LfA@z@Gn@Mf@eBjCWd@Sz@[zASt@e@dCu@zCm@vCi@pBa@jBy@`FU~As@bEcAzGS`CEdDKfAy@zCk@xCw@jDc@bCYbAe@rA}BtFqAfDa@tAKj@GJO?{CcBa@W_@_@iBiCcA{AeAkAy@eAu@iA_AcBq@w@i@g@yAcBe@s@eBkDa@q@q@{@oB_CYUsBoA}@q@mAgAmHgGu@YsEaAwGgA{@KuAa@s@YqAo@sBq@m@MaEg@m@MYQiAaAuHmIcA}@UOq@YwCyAsFyBYEKBYHm@^yDrCWNM@KCGICK?MHW|@gBX]NQdAu@zA_Ar@[r@O^Ep@ArBBf@Ax@QrBo@nAm@bAm@lB_DjAsDrE}O\uAf@cC\qBd@_Et@oH`@}Cd@sBj@oBr@}BvAaFlA_FNs@Da@Bw@?c@Kw@SiAmAiFeBsFWeBsB}WQiBg@oDWcGOqHSwDScD_@kBoAeEs@kCKs@KgAQaE@uAFoAd@_HD_BIaBk@{Ha@wGMuAI_@QUKCW?uBf@c@Ho@F}@Dm@Cq@IqBq@y@Ok@AoB@k@FgBBgBLqNnBaBZY@KCWKe@]uAsAsEyDgAiAoD{C[]u@m@iDeDeByAyCwCyCsCmB_B{BeBsAqAkC}B[OM@QPGP,2,17.0,120.8,244.0,False,,
16,2,Brunch Ride w/ Ern,40347.2,5970,6651,360.0,Ride,10.0,4182195260,2020-10-11-145905-ELEMNT BOLT AE43-19-0.fit,4474479449,2020-10-11T14:59:06Z,2020-10-11T10:59:06Z,(GMT-05:00) America/New_York,-14400.0,"[41.627178, -71.427086]","[41.570665, -71.452293]",,,United States,41.627178,-71.427086,9,25,0,1,0,False,False,False,False,everyone,False,b2472660,False,4474479449,6.758,13.8,,True,79.9,85.0,False,True,112.4,-25.4,2,7,False,49.0,7446327,1,a4182195260,yha}Fhr}rL_DmCuAaBcBmAsD}E_CyAcDoC_AUc@D_CdAeQvJmQxG_Bx@P|AhFnVbBvG?`@_@^iFrAi@f@eBxF}B`JeDzKuAnFgBdEUxA[jHL`Cl@tF?fAoDzLiDnJyD`IqB~F]\m@Du@dDq@`BcCdEuA~C}ApCkAtAaBxC}@|@qBjA}@x@e@z@{AhEiAbB{PhMqD|AmEdGPVlBf@`A|@tL|OP|@PjJTlAl@jAdCfChFrGjDxDtB`D\fAlCvSxAjSz@rR|Axd@RnDr@zWn@hJZzHXfDtA`Zd@`LB`ELvC`BvL\bHjB|RCn@w@nEI`Al@rOCpCr@jJNnDJj`@NnAf@`C~@~Hh@~Fj@tLUtFP`DOfAo@fCWhCR~Hf@jOB~FTfHCdBa@fEdAtBV?nAGzBJzCC~GQdDi@hBMfD_AbDg@xBmAbEuA`EaCpDw@dCu@jBcAnBc@zL_@dAZtCfBxAEfD_@dCj@pDpAFZi@dF@nB\`Et@hEF|Av@nGBdAQpKy@|LLlFOnCMf@CbB[rEHtDp@lBn@v@rE^f@L`@Z`FbH|EfIb@dAN|@\NzFl@`GdAdHqAdAA|Az@nCV`HtAnD\hEfAhHpClHfDtEjAjCjAx@bAhBlHPZb@N`BJbESlKsCrB[vJyEfDmDhOiIdD{BxEyDbCaChBaAZa@bAgCvHwJnB{BdDaCnOoHlFqEfH}DrDaCrFoC|Ae@dAiAi@r@Sz@FbDBLNOl@mE^gBpHkTzAoGj@mDLaCAaEiBiMIsA?iCf@sDjBsF`@oB~AcX|@qIJWr@A`PrCd_@vLrAJh`@uE`B_@zBmAjA[rAHxGlAv@CvKmBrA]p@e@b@y@p@yCd@eAdA}@x@W|DRxRbClCA`LiA`Ai@dCzAT@NS|@wFpF}c@zFui@tDaWjB}RdKs{@zBkLnAmB|DgEjAsBNgCBuH_AmP]}Je@}C_A_Du@k@uBU{DLmAMwDmAm@k@Ue@Gm@Hi@z@_DtBwFJcAE}@s@qCkHgRqBeGaCyNw@qGsCmRcAsIyCwSAk@RMxF_@jIMTIHe@cAoGKyKIgAWqAcBwEc@uDo@mDa@mE{HiUgFsMWoAKyCIi\Aab@H_DGUYK}Fw@cES}GEWOuBg[QuAaAoDWmBK{BFq@NY`D{CtByG[_@_GkAKb@W|DR`MXdD~@~CZ~AlAxP^fIIZ{@LaHFoCr@wYlSqc@zWgDhCeEtGsEnFsBdFYDmImA]U,2,16.0,122.7,732.7,False,,
17,2,CEO Works Weekends,24746.7,6365,6492,148.8,Run,,4177362241,activity_5659030344.tcx,4469349840,2020-10-10T14:56:25Z,2020-10-10T10:56:25Z,(GMT-05:00) America/New_York,-14400.0,"[41.626842, -71.427419]","[41.626794, -71.427471]",,,United States,41.626842,-71.427419,0,23,1,1,0,False,False,False,False,everyone,False,g6584207,False,4469349840,3.888,6.2,,True,154.6,184.0,False,True,17.7,0.9,0,0,False,135.0,7446327,1,a4177362241,wfa}Fjt}rL?SmCgByCsCyB}AkB{CiAqAmCaBaBoAmAkAQkAPkL~@{Eb@{@pAmAd@{BZq@zDkClC_CbCoC|@sEyDaDmBkA{KiJyA@wH~Aq@KUw@mByOo@cHB[LELPBhD`BbNXrE~A|GEnCOlA[t@e[|QoSrKGz@nDtNBd@MZoDx@eDZoVhBuGBgEx@Oh@}@lP@`F\dGApCXhH~BnMr@rBtCdF`BxBxAjAhBfDd@dBVjCd@jA~D~EdAn@zBb@hBfCjAtCl@jGl@pD@bASnAwApDuA`F{DxKsA`C_Al@i@YsB{B_A[i@sBa@a@aI}MkFqG{DuDUBs@v@gAvCiAjAcA\_EHKPP`AEZ_DEWt@b@d@Dd@Kj@QL_D{CmAg@c@iAEk@Vm@?]R^`AKf@_@Xm@Ey@a@y@WmA{A}AgCAs@eAcAEc@SwBqBkAs@w@iAg@]iBSq@H}@g@{Bc@s@mAWOaAZ_Gd@_BwBqA^{EwAkEfAiAK}ALeAcA}ASsBaAGUFq@a@QYTU|@e@b@}@\g@IO_@?c@PeAD_C`B}IH}AZyAz@m@Rc@MeCeAuBW{AXaBOcBg@uA}@]u@_AcAwCcAaEcDgII_@JeFG]cA{A_AYg@c@e@mAqAAo@m@[y@j@aBt@[bB`@\nAXJxCq@r@wA|@u@`CErAX\h@bA~CTvEv@hBFr@fB`IX|FZ~C^nG?pAZ|BA^s@nBk@~CcEdGm@fBa@zCw@rC@pAc@~B@x@Nb@`@LfAYROd@gAn@OJNQj@DTlEhAvAbAhDBzDoAzDrAlBUdAdB`@TzEUdBo@pAzAnD`AxD?lAxA~A|@rBrBxATx@fApBExB`BV`Bn@dAHp@K`@]X_Cv@GXNdApA~@|CpChAbB\jBnDXl@h@z@XbAdAxBYt@d@r@jAt@EXWDe@aAs@u@mAU}@Es@dBuC\wAq@eAmBiA_@c@NWvAg@d@kBIm@w@aAQw@pB\zEvEpE~FzFrJlAbDl@~GKlD]rDi@dCu@xB_CvEZh@r@LhQOvQ?dP_BvEiAnNiE~DKrLPrDIjJTJOBg@BqLhAuEFmEdAi@rIq@v@i@tBeC~CsClF_D`A_@tEq@v@_Az@yCf@y@zB_AvBOn@W~@uBhEyFPy@?u@c@gEMqEg@qH{@wIaF}EgPeN}H}H{MaL{EgE,2,,,,,,
18,2,Strictly for the leaves,43299.3,5290,6301,351.0,Ride,10.0,4172575781,2020-10-09-151754-ELEMNT BOLT AE43-18-0.fit,4464280428,2020-10-09T15:17:54Z,2020-10-09T11:17:54Z,(GMT-05:00) America/New_York,-14400.0,"[42.337746, -71.168838]","[42.338117, -71.169313]",,,United States,42.337746,-71.168838,13,27,1,1,0,False,False,False,False,everyone,False,b2472660,False,4464280428,8.185,14.2,,True,136.5,160.0,False,True,77.6,15.8,2,2,False,44.0,7446327,1,a4172575781,{alaGfdkqLlAeAjGuBLgAs@sCGiCRiAdA}BlBsLhCcBj@Eh@XnC|f@lC|c@nBdKC~B}@bGA`ChBfUf@xJjEvd@xBdY}Az[SnXuB|u@fCdh@hGvg@`CdKlExJtFbIxAfE`A]z@Tn@l@|Be@j@f@zAtKdCzBt@pAp@dEdAjC[fG@hDnBjIVvDCjBy@lI@`Db@`FQvBs@fB{AvAsIxCuBxAoEzGi@fCyB|F{B~BQn@ZnBxDhGxCbM\rCl@~Lr@hDfFrGtClBpOlFjB`AjC~BbQzX`PfYb^~]rQ`YzJnN|KnKvUbO`AhBzEhPlKdCtEzEdGxHxMnWtElGbHdG|Gt@`CfAz@fAhD`JlHpHlAj@rF|@|F~DvLtG|U|_@nBnB`Al@h@G~E}DbK_GpFgHjGmFnFmCpJoC|BwB`C_JFkAsEcSyCsH}CoLmAgDSgIFqB^gAdBmB|@kBLaAYwD`@}Cv@sCD{Cn@sCvA_CtJaJhA_BPsA[oC@qArD{Tz@aBlEyCh@eATsDCmIN}HS}B_AwDScCn@{B|C}CT_BIaFaBaAiBaFgG{ByEFSSCq@|C}Jt@wF^gHlC{LxAsAt@j@ZvAr@j@jCEP_AiD|@bANpCg@v@mBf@oCfGaNrEuFdGgEl@eNpAaLDkE_@cDoAkDyByCmEuDkAuBw@uGeCmNMyL]wCs@mCkFyMcAeBqAaA}@I{SU}DNeAaIkCuFaLuCcBsA}C{DmBiNUs@aIHcCOcA]EaCc@o@gC_@iCzA_B_AGm@RkA|CcFyA}B?g@`W{`@Ji@s@kCS{CPkJf@iJKwAq@q@oBw@}Ce@{AAwFt@o@o@aCcGdCkGvAmFv@_Gj@gIlAqHGc@c@[gF[gLwDiBS{HFkNg@gD^oCz@{GdEwBpBwCdE_GrL_ArAeLzHoM|LcAlBoEzNmDfF{NzJg@He@mCcCoW{Jmt@EoCJ_CnBaLAgIo@_Dy@qB_I}IiAkBeBiIu@mLZyEPaJq@kPpDgFb@eAFu@kCoCo@sAaEiPMcBLiKq@gKm@uB}@y@gEsCkHuC_IqFyBgCwAsFqBkG[qD?_FqAaGsDmNcEoIqAsDc@Sk@LsB~BeBhAoD\_CU}IuCmHg@qIp@kJg@_EPyCq@_B@qAb@yDzD{D|AaCxBwGfAu@CeBu@aB^cDxAgCpCqDhI_F~PwDjFsCdCo@OiFmEuDm@qCBwE`ByFuGwByDsBkIg@yEDm@`B}@l@b@`DzJ|@fAHjAOV[M,2,12.0,171.3,905.9,False,,
19,2,The Week of Morning Runs ,9983.1,2679,2948,81.8,Run,0.0,4171632468,garmin_push_5653191203,4463279801,2020-10-09T12:03:03Z,2020-10-09T08:03:03Z,(GMT-05:00) America/New_York,-14400.0,"[42.338248, -71.1692]","[42.338136, -71.169424]",,,United States,42.338248,-71.1692,0,14,1,2,0,False,False,False,False,everyone,False,g6584207,False,4463279801,3.726,5.5,80.6,True,148.9,168.0,False,True,80.3,40.2,0,0,False,35.0,7446327,1,a4171632468,_elaGnfkqLj@^J@DAHM?e@Qg@i@g@OSOg@a@}@Qs@e@oA[}AEg@[}@Ki@?QHy@Pu@Xa@p@aBPWZWZQjAW|@YlAi@f@Kh@SnAm@`Aa@b@k@v@c@~BeBTWt@e@jAgATc@Tm@h@cCZgAzBmF^o@d@o@Zg@j@_@n@q@p@gAPo@Fq@@a@Gy@?WHFFHZr@BBJDJ?RMFKJ{@TiAFMv@w@j@s@xA{Bd@kAR_A^iADYAk@MyAK_B@qCB_ANkANa@p@wCHaBDYR}@Ts@Tm@d@}@f@cBX}Bx@aDNy@Ts@Tc@Fi@Pw@d@_ABOTq@r@uAh@_BPWJu@?OE}@@Yh@kANEL?b@FXd@`@\VZb@h@p@hATRPHLBr@CZFXLhBzAZNXf@Xn@l@jAh@vAh@dAZf@Rf@DNBZ@zAJbAXpAx@pCLZHb@L\V`ATr@H`@NnA?l@Q~DIr@CPk@bBWpAi@~CKb@WxA@XHh@n@|BDj@Y~ISrCG|A@b@DLDBH?xC[n@EZ?j@FXHd@Hr@DRFv@f@hB~APJtAj@`@RZ\Th@BZLt@DfATnBF`@JFARL|@\v@NT^^j@`@t@`A\h@LV\dAPlADt@ElBGfAIh@c@jBW|Aq@~CgAbE_@z@c@l@]r@Ul@YfAk@`BMTID_@Gq@W{@OYMkAu@_@Qw@Su@IQKMSO]i@}CIu@Q_GGu@C{@Gm@Sy@IiAIk@]cAyAwBaBcDSS[\m@~@[k@i@b@g@j@o@ZkATe@Ta@Xy@fAWNu@P{ANs@\c@NmAFO?SG{@k@_@IWA_AXs@Nc@NcAf@cBnA_AnAmCvFYv@k@xB]dAyAnFm@|ASp@Ud@oApB}@dA_@l@q@x@QNk@Z[^MDYI_@UcCuBq@u@_@]KEYGkBIQOcAYKG]cA_@k@IGOAQ@uAV}@XuA\oADMEa@[u@aAQOk@u@c@y@mAsDSiAg@wBc@uDIoA@EJKfBcAJUBk@DSJGREZ@f@EZ]j@WPYl@c@LGb@ED@GbADBRh@VpA\bCDf@A\CRUh@EX?\LbAAPw@~AQROJSXGX?^GRCBQ?QG,2,,,,,,
20,2,Leaves at Dale,13038.9,3396,3411,94.0,Run,0.0,4167512956,garmin_push_5648888665,4458928454,2020-10-08T12:21:32Z,2020-10-08T08:21:32Z,(GMT-05:00) America/New_York,-14400.0,"[42.338745, -71.169413]","[42.33859, -71.169424]",,,United States,42.338745,-71.169413,0,15,0,1,0,False,False,False,False,everyone,False,g6765179,False,4458928454,3.839,5.5,81.0,True,148.4,168.0,False,True,68.7,40.2,0,0,False,45.0,7446327,1,a4167512956,chlaGzgkqLAKWY[Qc@EIQ[uAe@kC]{CWuCKcCUuDEqBEa@@qCHuC@gCFiA?aATaHLYEa@HcAVeBPkBX}AFm@Ps@xA_EZmAnAsCXs@Ng@VoADGB@Vn@PPf@FxABt@GtDoAhBQh@BbAPjCn@n@\tBp@v@f@jAbAn@t@b@nAt@tA^x@XXLPZ`ARJPKFKJaAb@oAp@_Aj@_An@{@rAqC\mAFa@Dq@Cg@?YQgBAeC@m@b@sC|@wDBgBHy@fCkHVkAHo@b@oBHi@^sA`@wBd@cAl@mB|@aBl@eBHY@_@?mAJc@NUPU\Q~@cBj@i@d@[fBoBp@g@NWb@gAlBwC\c@pAoAd@k@~@{@`@SLBFNBPAXGn@W|A@d@DLp@~@hBhBPZTdAHN`AFbBYh@Fx@Br@Rr@d@d@f@|B|Cz@pAbAnA~@b@nAr@x@NfCKr@SdBiArA{AdBqAXMZG^QPEh@D~Ad@xDxA`ALf@?ZErAo@lAc@pCu@`@ERBJFj@n@RFjAg@bBi@XCr@D~AYLDHJd@hAPHjBwARIn@Gf@S~AqAl@q@j@W`@HLTDd@BfCFVN@vAk@\[Xi@hAaDX]RCp@Bp@Ir@@p@LNG`@c@TCPJIr@cA|CIJQJe@BQFkBvA}@d@QP[r@i@|@g@jAqAhC_AzAa@d@kAn@[?WQq@cA_Aq@UC_CxDAN?FVp@RhAVd@Z\NR?RIj@?v@p@jDH`ADdAK|Ao@xC_@vBGjAWdCIzAAjBSnCBf@PhAZpAVvA@b@Cv@_AfEcAzGe@lCi@xB_AnB}A~Bg@~@kBvESt@UpAg@pAWZg@`@i@n@iA`AcAbAeAVcAHs@?mAK{A[_Cw@mAk@mA_@w@Mc@AiEMkA?cBBgB^_AHuGKuBMeDT}Be@aA[q@?_ANo@ViBfB}AnAaAh@uA`@q@`@UTc@n@[V{AXaAHsAb@WBg@?q@I{@i@c@KS@uBn@}Al@cAn@a@\kAbB]t@]`AcBrDaCxI[v@a@xAw@~Bo@~@eDdEk@`@s@r@UJm@Uy@k@sAgAi@s@e@a@UImBKa@]_AW[c@e@mAQS{ARaEhAs@?UGeBaBk@u@u@{Aq@_BOg@Ko@BCf@Jr@n@`@V,2,,,,,,
21,2,Morning Minuters w/ Q,13820.6,3532,3908,103.4,Run,0.0,4163129541,garmin_push_5644358100,4454271423,2020-10-07T11:57:31Z,2020-10-07T07:57:31Z,(GMT-05:00) America/New_York,-14400.0,"[42.338201, -71.169199]","[42.338749, -71.169269]",,,United States,42.338201,-71.169199,2,21,1,2,0,False,False,False,False,everyone,False,g6584207,False,4454271423,3.913,7.4,81.7,True,149.7,176.0,False,True,55.9,2.4,0,0,False,51.0,7446327,1,a4163129541,wdlaGnfkqL`@VL@FMEs@IY][OUi@mAa@wB[_AQmB[cA_@s@[GyARgA_@_@JwB@e@Le@?u@Eo@U_By@aC{AyAuAcAmA_@WoCwAiAq@c@a@kAmB]YkDuBgAm@iCgBuCaBiBu@w@e@wIIkBKsB?]Bq@VUNK`@AfAKnBB`@GhAENMDsFk@iDo@}@KODKJUh@SbAKDeBSu@OQBYN[AmBe@a@a@a@D]OqAPENN`BBpBCzSEnFGxA?fBSlF?hDIdBEhJE|AIbB_@fEOz@[fAc@jCMfDO`BOt@K`Ac@nBGj@g@vBSrAq@fCi@~A}AxGe@bAc@`@W^_AXoD\aCp@mAj@qAv@i@`@QR[j@c@nAKt@INOEs@m@IQGa@C{@Jo@T{@Ze@bAy@`Bu@x@YnASjA]dASbDc@f@STQPYVq@\_BNkABiBBYJY\c@^yAl@sDTuB`@wCNoCKkA@iBEwBo@uEIqBSuCEaAOiAm@gCo@kBoA_DwAiEaAgCG]e@wAEa@b@_DVoARk@l@kAr@s@zBkB`AoAbAiCn@uB~@kC\kApCmHPSF@RXr@hBZnAJrA?vECbCBdBClA?nBEhDK|@Ju@DiABsJBwB?kBGiCEk@Ie@?MVUTAr@LJEDFRFN?fAVt@J\?XQNA`@N\FRJ`ARHGViAHm@FOPGhD^hDl@x@@bC^DOFcBKcB?kBFMHIlA_@hGE`CRvDDj@AHPp@RbInEdA^v@`@VXVNRT\Td@T~@v@v@xAn@x@`Al@jB`AtA~@b@^b@h@fA`ArC`BhAh@XTXJb@FjDJx@H|@_@j@Eb@On@IRSNa@fAZl@EZ@VMVg@ZUPSPGRCTZTMf@IzA?b@UNMFU?mBBWNe@LKTIr@ARGHMHe@LS|@c@JM@GEW[u@y@Ko@]oBmCm@c@}Ae@SWO]CQA]@[D_@f@aBfAcDF[@]C[Yk@a@a@[K[@[L{@|@KDO?a@OQMU]GYEu@Fw@j@eBt@eDRm@XyA?i@Kg@s@_BI[A]XoA@a@EQKJQp@s@zBk@pAYb@_@vAe@pAW`AUh@YzA?LYpBUfA?l@OhAMf@Cb@?ZI`ABh@KlCE~E?tBOpEBl@DvFNxCZpC?XBb@b@dCr@nFVx@f@Br@`@,2,,,,,,
22,2,AM with Q,9232.1,2507,2722,83.1,Run,0.0,4158400431,garmin_push_5639493998,4449275778,2020-10-06T11:58:13Z,2020-10-06T07:58:13Z,(GMT-05:00) America/New_York,-14400.0,"[42.338749, -71.169311]","[42.338174, -71.169357]",,,United States,42.338749,-71.169311,0,17,1,2,0,False,False,False,False,everyone,False,g6765179,False,4449275778,3.683,9.8,80.6,True,145.1,174.0,False,True,80.3,40.2,0,0,False,24.0,7446327,1,a4158400431,chlaGfgkqLMUGUA[BQFMLIZKNBFG@ICUMc@GoAGe@[qA?g@MyAGPGBWcAAUBs@ToAIMCYDGDi@Jy@DMNWJe@LSJEh@ML?HCh@GZKXOPURQj@UVCh@BP?nAQdBq@dAo@v@m@NSTg@X_@pAm@jA_A^g@Tg@Lk@X_BX_A\eAfAqCf@iA\e@VQtBsBTWJSZ_ANu@DcACu@Vh@XXPBRIHIDOFu@Jg@HS~@gAXg@TS^k@^s@X[H]x@uBRy@@qAKkAMoBAe@HeB?aABOJWFc@Pq@RkATm@De@@kAPkAXu@R_@J_@Zq@r@uBFo@\aBV}@TqAf@eBPYD_@DYd@gAAILe@^gAb@aAt@qATk@Lo@EuADUN[Ha@TIL?r@RNJZb@p@jAl@v@Xd@RLXHh@GV@XHtBzAZXHLTr@zA~Cl@vAr@rAH|@@nAH~@Ln@p@rBf@fBZbB\bAZ`BDl@?zAKfBG`@[dAe@nAW|@WlASnAe@zAIr@Db@Rr@Xn@XdAF|@MpAExCYdD@bAGpB@THHRBf@EdAWnBKlBL`APVFNJlA|Al@f@p@\xAd@RTLTJRF\Jx@Dz@Jz@?pAh@tBXl@PV^Zb@Xh@j@x@xAZr@Nh@PbB@d@QvCGj@Mt@m@hCKdA_@~Ac@rAk@tBMTUv@_@d@IZAFGXO^Kf@a@rAe@jAIFQ@s@MqAY}@e@{@s@e@MgAKYOUWK_@i@wDKwAA_AKyA@e@Is@?k@Mq@M_@Q{@E[?o@CWg@oAk@s@Sc@]a@c@s@g@sAUe@Q\KJEBGAWGQHUDa@`@_@VQNADo@`@w@T]RUPELSN[XSZ_@Tw@LiAJkAh@]Fs@Ba@ASIa@[YMYIUAYBe@NmBt@c@NO@MCm@[ICuADKAQGs@o@aAg@K@e@XY^MF_@HU@KCu@[GAg@BqAVU@]Cw@Qm@CM@YJ_An@g@ROCw@a@K?KBw@z@Ol@A`CBnAGv@@p@DLB\EVMNu@Zc@TcAP]XM@UC_@Sq@_@QQS]K[Ke@k@cBUmAMSIA_@HaAb@]JO@MCKa@S{A?YOyAQWX`BHv@Nz@NjA@TIt@EzAGb@IZa@bAOl@Wd@QTINCP@ZCLCDC?YMIIKC,2,,,,,,
23,2,"CV19 Negative, Fall Colors Inconclusive",17988.7,4516,4801,114.5,Run,0.0,4156087690,garmin_push_5637124661,4446830131,2020-10-05T20:21:04Z,2020-10-05T16:21:04Z,(GMT-05:00) America/New_York,-14400.0,"[42.338771, -71.169144]","[42.337951, -71.169482]",,,United States,42.338771,-71.169144,13,26,0,1,0,False,False,False,False,everyone,False,g6584207,False,4446830131,3.983,6.0,80.9,True,150.3,186.0,False,True,55.8,2.2,0,0,False,68.0,7446327,1,a4156087690,ihlaGdfkqLmAYuAoEo@_Fc@sIMcEDmFNoJAsCJ_D`@gCFuBL}@fCmJjBsEtA{FVeC\i@`@W~BkC`CwDp@s@Py@HsBm@gE]cBm@kFkAkHg@sEiAgEQmBCuBUy@MqABMZMO[Ow@a@iCq@oFkCcLk@mHsAqIGuB@}MUuGKy@w@aDMeAk@gBsAkD?_By@sDqBaHK}AWcADs@a@sCeAsEg@yEw@gEBs@iAaC{@gDEWz@WiA}CqAiFe@kDB]wAuFQsBa@qBYeAaAkBg@uCg@mA]qBAm@a@sAEsA_@gB@wBMoAkA_ESwAD]TW`Bc@rFgCrAQz@kAl@cAbBqBz@{AbEoD`CiCbAwA|@oB`@_BH{A_@iBm@iAcAiAgAgB{A{Hi@wAw@cAq@c@_AG}BLo@SQo@OkDMkAW}@Uc@q@UoDEaAH}@\gACGs@Bw@Jy@f@uAh@i@lA]`A@|Bl@zA`ApC|@dA@pA]tA?fCn@fAx@^f@X|@XlBNxBv@lCz@|BPhAXz@dA`BjAr@~@|@^f@Nj@?vBMx@eBhEwAfCaAPaAx@]t@a@vAw@bAkDjDuBnCi@@_A}@OAsCpD_@jAB\Xd@Wh@F`@~CdGrA~AvBrBNZ^pCbAvBb@nARdA`ArBv@`AjA~@zIx@xDbAnAIpBu@^Ux@qAb@c@fA[z@Db@N`Az@dG|In@xAdElDXFrAI^Fj@j@nEzAfBbAfA^fDpB`A\|B\fEHz@Lj@Cv@_@t@T`AD`Bn@~@DjCv@b@b@Rp@CvBRbCXpA?zAEr@a@h@i@\q@?p@PbAKz@v@LTDZKf@m@nAuCdE]Hu@Iw@P}@\iA~@iBvDo@fBkBnAu@x@gAx@Uj@_@d@Ut@gCtDBX|BnGThAJbCDnEV`CDfCJp@|@vAX~@HpCZtAb@f@zA\NVBx@Y`CStDBp@t@dFN^f@d@|@b@nAnAd@t@Bx@wAbFmDzFe@pB?tCOt@GfAa@|@WbD{@bCoDfHs@tCmAhGiDbLEZBfAkA`FObB^nHSzAoA~DiBfDwAhBk@tCs@~Aa@xAe@`AcDnD}@~AwBnFo@nAe@rCq@p@w@VwBrAKbB[xAWjCc@`Ci@tAo@v@AlAV~A?|@N|AEf@WVsCtA{Ab@u@x@u@^GNEt@KJ,2,,,,,,
24,2,Up down up down,28701.3,7106,7499,451.4,Run,0.0,4146128104,garmin_push_5626664855,4436271343,2020-10-03T13:47:12Z,2020-10-03T08:47:12Z,(GMT-06:00) America/Chicago,-18000.0,"[36.048275, -86.88544]","[36.048556, -86.885401]",,,United States,36.048275,-86.88544,19,33,8,1,0,False,False,False,False,everyone,False,g6765179,False,4436271343,4.039,6.1,81.7,True,157.7,180.0,False,True,284.4,145.0,3,0,False,174.0,7446327,1,a4146128104,o``{EzyhqOyEQkIoAyDUkKtAm@EiA{@kDv@mCQsC{AsAuA{@iB}@c@{@HiBv@}BwAcAOwFzBe@|ASxDHvAv@d@pBg@FVsExF}@tBFv@f@d@rANd@XnA`DzA~ALx@a@nFNh@`GfClHzITDj@c@rBtAnC~CRn@@xAl@v@_HsA}HZ[b@eCzG_C`B}@bC]zB]?^yFhAyDWi@{@UaABu@ZuAbD{Av@s@`Ce@^i@EiB_Bk@wA?iA|@uDGgCg@eAaBWgFb@oA]_Ag@u@iAa@eAc@cDg@m@k@S_BDeF{@sCsB@s@f@s@|CY^q@_@m@sFk@q@s@PwDWeDx@cCB}AGy@q@}AaA[oAJqDxFcEjAm@SyAoBIaAb@y@v@GpAdAf@s@ZuAAqAqAmDC}@Ni@RSpCUp@{@Fk@gEaCq@iA@gAh@iA~@w@Hi@c@_@sBWeC{EScE[_BTkC[cAe@Se@FgAlAAr@fAzD?dBm@`EoBhBuCo@}AfAk@Ls@k@{AcDe@a@mADkBpAgD}AOqAToAx@u@fCg@|@sAbAcDHcA{A_EFoBj@gCn@kApC{@f@eAuCgFuBgG_AeA{@a@kALmAh@}CVWZGl@Hh@lAnCIdBm@z@eAr@uAVe@MAuCOoCrAoDPuFa@mEJmBKs@Ri@Cc@mAuD_DyCmBeA}I}HBWgF{Dkl@ui@gCsAwJQuERgXH}a@tB}GuA_JwC{KsFyC_AoDUe[n@_@UvUw@tH?zEhAjN~GdQnE|b@aCxd@KfCDlA\nBnAd\jZhCtCfPjNzOnOzD~BbAHjDe@lKbCrA`AtArCLnGnCL`DWDRQ\{Ab@uFhDq@@gBeAUDdBtBx@f@z@F~Ci@lA^vAxBlBhAb@fAn@l@dElAJ`@HtBtAxA`B|CrElBDVO^cCjA]n@AnCy@lDRbAb@f@dAh@hA@hBy@dBcBtDiCz@DKv@kDxAWj@PpAlArDEr@q@jBNZxAXnAfAPCFe@]gDPeA|CeEz@gCzAwB`A[pAF~BpAvB^jA}@d@{AoEiCgKyByCcBiDy@qG}EuAiCiAk@B_@xJKpIlBzFeA`BDnF`BrBnBfCIfCNxCxEj@^pEKdAXdAzA`BxG`B~@zA@vC{ApAHr@fAfBxKb@rA~CdDx@xBExAoBxE_@hAHPjBUhAd@lBH`Ey@|DIdCL~E~@`I^,2,,,,,,
25,2,Horses,13263.6,3699,3899,239.2,Run,0.0,4142816393,garmin_push_5623173000,4432756829,2020-10-02T20:47:52Z,2020-10-02T15:47:52Z,(GMT-06:00) America/Chicago,-18000.0,"[36.056395, -86.896825]","[36.056231, -86.896253]",,,United States,36.056395,-86.896825,0,17,1,2,0,False,False,False,False,everyone,False,g6316996,False,4432756829,3.586,6.5,80.8,True,149.3,168.0,False,True,262.9,186.3,0,0,False,55.0,7446327,1,a4142816393,mga{Ed`kqOAe@Os@_Ay@_Bu@BQJEb@eAbAXt@v@lAv@nEjEj@Vd@C^O`BgAXYTu@Jw@EeBUs@a@s@qKqOsJyN}ByCoAeAuAa@aBMkC\cAv@KCA[_@h@i@DUIaCgBk@s@e@iBOaBAuAEOKCo@`@kAxAsApAa@RQ\DR~@t@^h@hALn@`@Tn@Dn@Lh@Xj@`@f@Tn@?RW`B_@dAY^m@@iAj@gBAk@QiByBOm@g@kAYaCk@wAaAmAaBgAUPIh@IPIBcCuB{Am@g@q@Mg@@eA^oBjAsCN{@@g@EOi@W_A?u@UUUSaA]Us@SoBMo@?k@P]d@O`AKR}Al@QGaAuA{A_ByAiC@UFSvAkAZk@?S{B{@w@k@}B[uAm@}@Si@YqBeB}@UKSAWHiACy@o@gB?gAGiAs@mAw@a@sAOi@X_AL{@KSF]j@AXHZn@`@|@nAL`A?ZS|AIxBI^[VmCf@i@^QBcA_@{A{B{@Y_@@cAZu@|@YNeAIu@c@S]G_@BcAFWpA_BtAm@TWDc@[sBCs@e@s@?kAI_A{@yCCu@TsGIqAYsAImAo@iAk@u@oBwAUU[i@Aw@DYbA{CJ_BRu@|@_BFc@`@SbAIbCD~@Ej@Hv@d@z@v@dBlAT`@d@ZnB`@vAI`Bb@\\Jr@ARCLWP_APMJ@BZTnA^pAiARCPHHJBXAvAnAlBV|Ah@dAtAKlAi@XEPJl@v@JDjAMxDRjEObI~A^@\MFUOuBRs@b@k@t@o@dBk@h@c@t@Cx@L~@a@dAWl@@x@NzAx@^j@Vx@FV@d@UhAw@v@Yp@CTHnA_@\IPHr@f@z@JbAJLl@UbAIrATl@Zz@nAZx@R~@@fAWtAe@`@m@F{B?iAT}CNBLf@^L`@`@f@Jh@E\IJ_ANMLGVR\v@TxAz@`ChA~AlAjA~AZ~@@b@sA~DATFPpAAtBFd@OhBeAr@Ub@At@Fd@VNXVzAVZb@Oz@k@d@If@\t@`APl@@r@KNo@IKJE`@Wt@Dl@?rAMxA_@tAi@j@c@LyBRu@?{ATiBK]FM\CdA^`E\j@jD|B^D`@ORa@F?@XT^zKdYn@tAfAnBrCxDlEfF,2,,,,,,
26,2,CEO,10403.1,3020,3045,196.2,Run,0.0,4137002284,garmin_push_5617025007,4426568314,2020-10-01T12:09:11Z,2020-10-01T07:09:11Z,(GMT-06:00) America/Chicago,-18000.0,"[36.057396, -86.885369]","[36.057234, -86.885617]",,,United States,36.057396,-86.885369,0,18,0,3,0,False,False,False,False,everyone,False,g6316996,False,4426568314,3.445,5.2,81.2,True,153.1,167.0,False,True,279.0,201.6,0,0,False,57.0,7446327,1,a4137002284,uma{EpxhqOEIQIiB[cA[[Yk@}@aAeAa@Dk@MIJOn@OTLv@@j@[|Bg@nAOV]XgBb@_DZ}BKqATy@\aEbECJDRf@f@ZR\d@nAPTLNRL^Fp@J^Vh@f@j@Rj@@p@MjAc@dAe@b@g@@eA`@{AHy@Q_Ag@_@]Wg@Ww@SoAW{@Q_Bm@_BiB{Ac@YSEa@BMHIXE^MDgAwA]Wa@Ku@e@]k@Kq@?o@R{@LoAn@wA\uABe@ES_@W_AE_A[SUa@oASOg@KmAAu@Ga@Bm@RSVKXEb@QXyAr@SEi@}@mBaBYe@Ww@k@w@EOAIBW\a@JWt@m@F_@CY_@I{@[_CqAi@MgAGqBYe@QaBiB]U]IMKEMCg@RwAEk@Sg@g@u@Ca@Fu@Ky@g@}@[YcA_@s@KYD_@Rs@P[@m@KMF[^ETBXRVl@\v@tANf@Fx@]zDMR_@Zu@^s@JkAl@ODYCWIUOq@eAk@o@sA[_@De@Lm@t@g@Zy@Go@a@GMG]?{@Fo@HYZ]Zk@~@[NQTcAMoABs@Kc@Ya@EU?g@ImAg@iA]_B?k@Fg@C}AJgABo@[yBSsC]y@aAoAi@Yc@c@g@OYYQc@?cARaAl@uBVsAZ_A\o@Ng@NYf@WlCKx@HnA@ZD^Nd@Z^^tA`A^b@Vf@b@\fB^tAEpATb@PLRFX?^CVQJwATML@FNJr@R\TJ?NC\e@`@YZGLHHJFZAz@BNp@x@R^Pj@b@zBFLFBpAE`Bi@f@LRb@PHpACpBLhC?|DKxCb@pCt@ZKRUIaBFm@Lc@d@s@z@}@VOfA[p@ElBHt@Y|@OtALx@Xv@j@p@tABRAv@Qr@QVo@h@OZ?VLj@@VGP_@XAJANLt@f@dAHv@TJ~@SdAAd@HdAb@z@dAh@pAD~AGz@IZQTu@b@c@JyB@_BLk@Au@L?F\XNb@Xd@FTB^GVGHc@@UJK\BPxAf@`DzAh@h@x@j@l@p@v@jAP~@?h@aAlCEn@HJ^LjBPdA@PGj@i@r@c@z@Qf@Ax@Fl@RJXBb@Hh@RZf@K~@a@ZET@f@^Z`@Ph@Jx@Zj@d@f@t@l@dAfAbCz@p@x@XP,2,,,,,,
27,2,Moonlit golf course,8155.6,2186,2206,117.8,Run,0.0,4135233167,garmin_push_5615130500,4424666710,2020-10-01T00:14:47Z,2020-09-30T19:14:47Z,(GMT-06:00) America/Chicago,-18000.0,"[36.048158, -86.885346]","[36.048525, -86.885432]",,,United States,36.048158,-86.885346,0,14,0,2,0,False,False,False,False,everyone,False,g6267076,False,4424666710,3.731,5.2,79.5,True,149.8,172.0,False,True,215.4,187.1,0,0,False,32.0,7446327,1,a4135233167,o``{EjzhqOsAC}AMi@AqASaAEsAWo@OsAU{AGwBAeBFiDr@k@FaA?QK[c@?I@EfCkCtCoDZ[\Q^Yp@y@R]FWLs@?]KM_@I{AIkAQcAUqE{Ao@a@IAm@Be@IGGGOA_@@u@Da@XmBVmAL_@Fi@Cg@g@oEGMU[KSg@yB[y@U_@]Qi@M_CWy@?s@QGK?OHi@LSd@KLApBPh@Eb@?h@@d@FdCd@rBf@lB\hCr@^Nv@Pd@Cr@]j@QJBDJHv@?~DGf@BL`@tA@pA@JHHN@r@_@h@KnBKZEdAk@ZYP_@Lq@ZqBFWFKPKL@JDNP\fABf@u@fF[dDq@hFIlAKnGEj@If@?PBVRr@?PIz@?VJrAALGD_ACc@?kATQ@Y?k@GwA@eEVSDg@Ta@HOHe@f@i@TCDG^@VHHD@fDh@~BPf@@f@ElA[r@U\SHClAMVBBLA`CElAO`B_@xAEVBTT\DNBX?h@ENCBu@NoB@}@IiACwA@WFiB`AWHk@J_AHcBEcADUAsA[cBW_Bg@GK?QHa@AM}@Qa@EgDOgBB{@FgAj@}@Nc@PM?MAKEIGKQOe@c@}AC]AkA?KFIPA\FVP\ZTFpBEd@@bBErDAt@CtD]lAGhABp@ML@d@\d@LdBVpCRTB^Ln@LxADdA@bCJf@E\MNOL_@Ns@HkAFgENcAFKRCRBdB\t@?pDN,2,,,,,,
28,2,Nice fall franklin w/ dan,36996.9,4101,4126,290.0,Ride,10.0,4133586870,2167552a-471f-49c6-9ac2-325a8af81efa.fit,4422947564,2020-09-30T16:04:13Z,2020-09-30T11:04:13Z,(GMT-06:00) America/Chicago,-18000.0,"[36.049545, -86.885529]","[36.048201, -86.885523]",,,United States,36.049545,-86.885529,13,17,2,2,0,False,False,False,False,everyone,False,b2472660,False,4422947564,9.021,14.8,,True,145.6,169.0,False,True,215.8,161.8,5,0,False,55.0,7446327,1,a4133586870,u``{ExyhqOuEOY[NqBV}Hf@uIL{CRgCv@mPZ{EVqG\_GPqBZeCf@}CjB_K|@wF~@kE`AyFrBkJt@cEJWRKTDTNxLlJzFxEzG|FbBnAjExD`EbD`]lWdHdFdD~AnDzAnL`D~C`A|At@tBxArBjBrCjDhArBlDbHdAfBdE|GtBjClGpHxErE~FbFvA`A|Ax@xDnAhCd@fGb@bPv@rD@dCQbCa@xBm@tJuDxTcIpDkAzA[|AOrCIzABjFn@nNbDjObDjAZxAj@hB`A~BbBpD|CdC~AvDfBzBt@dEz@lCXrCJjEGtBSrB]lOgDdGcAdIiB~AWdQ}DxBm@zCiAzCcBfKyHbCaBfBq@lBa@rBOrAF~Jv@`P`AzEb@hGZtEDrI]fCYtDm@dDu@xEoAnFeAzQkCvo@{KnOuClf@kIrEeA`JeCdE_B\AJJJb@qAtSMpEk@rLi@bHMr@Sp@s@hAu@j@oFrB{Br@aFjBsAj@k@f@W^_@x@Uv@M~ASbGcAvS[vIYzCIjBu@nK_@nTIvBKh@IFYBsFQuIm@{IY_DS_FDkVgAiIU_Jk@qDMo@FMJGNGf@y@|SG^UVo@FkJ{@kIi@[@WLK`@iA`KgCrRWjAm@nB]r@s@v@a@p@aBlE]p@uKxRyAhCy@hA[Zo@\oBp@m@A_BUs@Jk@\eBzAi@ZmDJmDR]DYNIJG`@GdF@rDGd@GPUXk@R{El@mATi@Zs@p@}@zA}ItQ}F`LSFUIcHiGSKSFIXG~@MzDw@dQKn@QVWDs@EeR}BoHs@oIeAyEc@e@?mDdAaAf@cAfAmBzDYXc@T_AHqJa@}CSs@?a@Fi@\WXi@v@yAnCc@h@cCpBuCfBsCjA{JzA_BPqGCcEUeDq@sHqCq@]_Au@wGcJq@g@w@UsJq@qGcB{CQiBWeAUaBi@s@A{AZsALuDBq@E}A[}@[{@o@}AwA{@e@gDqAwA_@qLiAoFYcNuAiIs@iDUiFO_TkBe@S}@_Bq@i@cASgBKKUKiEMoB{A{M_@{BM_CA_ADwA~@kSA[EKkBg@ePsFqFuBkGwBeAi@s@i@o@q@_AoAYi@kAuCo@iAg@o@sBiB}MiKaAeAc@w@wBqEsAcDsBkFiAcBiB}Ak@]cA[cBUwDMeOO_CUoBi@iBeAgB{AmTeUcCsCE]Hg@dHkZT}AHgARyGJ}ANQb@G`AJvBFt@L^AZU^eAPgAFqBWqG?cAj@aI,2,22.0,201.0,824.1,False,,
29,2,Dethroned ðŸ‘‘ ,16106.0,4224,4528,200.1,Run,0.0,4130653325,garmin_push_5610347692,4419800671,2020-09-29T22:43:20Z,2020-09-29T17:43:20Z,(GMT-06:00) America/Chicago,-18000.0,"[36.063441, -86.901901]","[36.048112, -86.885335]",,,United States,36.063441,-86.901901,5,21,1,4,0,False,False,False,False,everyone,False,g6765179,False,4419800671,3.813,6.7,81.0,True,141.6,181.0,False,True,268.1,171.3,3,0,False,45.0,7446327,1,a4130653325,osb{E|_lqO`BdDjAhDf@lBHHXEzAeA~@mBCOWYgCuAcB{As@aAgAeAQq@}@kA_BuCqCiE]Y_@w@YyAGaA@o@F[bAoBXuAVcBEi@MQsC]UDANTtARtBE`BIXMFs@Jq@C[Ka@g@a@mAOmACy@UmAIQGASLKf@QXcBbAqCvBuBvBCNJTrF~C|ApAhDrBjCnBvFxDx@\`@d@tAx@b@^`@n@n@zAhBdFd@fBN?lBkAv@aBA]DIxBh@h@f@Nx@CjABVTb@RnBZhAGtADpAKNSDsAEZFnADCtDJxBV`BFjAIhCG^BvA`@fBDlAThA@\f@hFJb@Xn@H|@Vt@P|@NtAHbBd@zEB~@`AdGJTbBj@zAzAtAh@~FVr@MlACpFXdAIhBL|Cf@nBHp@G@UOk@I}@CaBS}ACiADW~@cD@iAiAeAYK[CuAF]EGKGiA]gAF[fA_BRw@@aAOkDRoBToAFgAxAuGJkB~@yBZkAZa@VOVFpApA^x@PnALNVGz@eBZWjBs@LQDY?y@IWeBqBoBuAM[A_@LeAGqBOgAUo@_@s@M{@@q@`@wCT_AAWm@y@cO_PsEkEyGcHqFeEaBiAq@Se@NaASeCYgDH{@H{@Tc@Ma@B}Dv@[Pg@rAIn@q@~AW`@UdAYf@]dAMrA?d@GXUd@Gd@o@n@g@r@Un@]jCi@jB?\F`@v@nAdBdEj@fBP|@HPf@KrAy@v@wAD]]a@s@YsA}@oAiAoA}A{@y@Uo@iBwCw@{AeCwDc@a@Ws@e@aCEgABO`A_BL_@j@yCBo@E[IKUG_AAaAOQDCLTvANdBAnBSXa@L{@@_@Mc@c@_@gAY_Ce@qBIMC[eBaD[aAUoA_@{@m@u@h@}AHq@HoDA}Bs@}FeBiFMw@F[HKL@hDxBLTVv@d@lC`BzDPtBd@jCz@vAZbB`@vAZp@XLNM?]Mm@]mEaA_Ei@mDIgBFaCa@qC?y@Dg@Tg@h@Wd@CX@`A\xAv@TBXKN]P{@VY`Am@TYVg@Pu@Tc@lAi@TYN_H`@gB^a@hDiAdBYb@@j@R~@l@TBv@GdA[~ACl@Zf@z@fArArAhAbCv@~@NvAOhAa@h@@b@VZ\vAx@jALzBt@h@FjDbCxEtA\GJKFWHoC?_BHc@LOz@Av@Bb@LbBL|BB,2,,,,,,
